[
  {
    "id": "6c0a208b-1c81-4bc7-a599-65c828c023b3",
    "data": [
      {
        "text": "why Mr. Rogers loves me",
        "userDefined": false
      }
    ],
    "isTemplate": false,
    "count": 0,
    "updated": 1518601463
  },
  {
    "id": "7090fe7a-1cb5-4877-a873-21dc06062264",
    "data": [
      {
        "text": "why Mister Rogers loves me",
        "userDefined": false
      }
    ],
    "isTemplate": false,
    "count": 0,
    "updated": 1518601463
  },
  {
    "id": "18a1d0e5-63c9-44f0-963d-364f89bc2966",
    "data": [
      {
        "text": "why he loves me",
        "userDefined": false
      }
    ],
    "isTemplate": false,
    "count": 0,
    "updated": 1518601463
  }
]