[
  {
    "id": "42b83fac-ffbd-4768-ab5e-826ae57e0ed5",
    "data": [
      {
        "text": "are there more reasons",
        "userDefined": false
      }
    ],
    "isTemplate": false,
    "count": 0,
    "updated": 1518605473
  },
  {
    "id": "e37f0b0c-46d3-4a1e-82c8-f755b2c72696",
    "data": [
      {
        "text": "tell me another",
        "userDefined": false
      }
    ],
    "isTemplate": false,
    "count": 0,
    "updated": 1518605473
  },
  {
    "id": "8c708865-afa8-4b29-a502-f611907332df",
    "data": [
      {
        "text": "tell me another reason",
        "userDefined": false
      }
    ],
    "isTemplate": false,
    "count": 0,
    "updated": 1518605473
  },
  {
    "id": "f3f6e888-4e72-4e86-9fd8-2bb257a6a018",
    "data": [
      {
        "text": "why else does he love me",
        "userDefined": false
      }
    ],
    "isTemplate": false,
    "count": 0,
    "updated": 1518605473
  },
  {
    "id": "fc000f05-719f-4f1c-a5fb-bff042546259",
    "data": [
      {
        "text": "why else does mister rogers love me",
        "userDefined": false
      }
    ],
    "isTemplate": false,
    "count": 0,
    "updated": 1518605473
  },
  {
    "id": "d0513281-7f4d-460d-85ac-fcb5b08abf6a",
    "data": [
      {
        "text": "why else",
        "userDefined": false
      }
    ],
    "isTemplate": false,
    "count": 0,
    "updated": 1518605473
  },
  {
    "id": "ddb499e5-32eb-499e-a3b9-f1220334f838",
    "data": [
      {
        "text": "anything else",
        "userDefined": false
      }
    ],
    "isTemplate": false,
    "count": 0,
    "updated": 1518605473
  },
  {
    "id": "83067370-cdab-44ad-bf35-fb24560a287e",
    "data": [
      {
        "text": "are there more",
        "userDefined": false
      }
    ],
    "isTemplate": false,
    "count": 0,
    "updated": 1518605473
  },
  {
    "id": "3b750d09-da0d-4c58-9dca-382ec9e2be03",
    "data": [
      {
        "text": "more",
        "userDefined": false
      }
    ],
    "isTemplate": false,
    "count": 0,
    "updated": 1518605473
  },
  {
    "id": "837b3af6-28fe-4e92-bcf8-a10e04d0e02c",
    "data": [
      {
        "text": "show me more",
        "userDefined": false
      }
    ],
    "isTemplate": false,
    "count": 0,
    "updated": 1518605473
  },
  {
    "id": "9bff48a9-2b8d-4fe3-b9e9-5fb95dcbc1c7",
    "data": [
      {
        "text": "tell me more",
        "userDefined": false
      }
    ],
    "isTemplate": false,
    "count": 0,
    "updated": 1518605473
  },
  {
    "id": "a75aea4f-2f8c-43a7-8552-5778a72b1b5a",
    "data": [
      {
        "text": "more results",
        "userDefined": false
      }
    ],
    "isTemplate": false,
    "count": 0,
    "updated": 1518605473
  },
  {
    "id": "9846e190-eabc-43f9-a974-fe2f49b743e1",
    "data": [
      {
        "text": "more information",
        "userDefined": false
      }
    ],
    "isTemplate": false,
    "count": 0,
    "updated": 1518605473
  },
  {
    "id": "f5cead36-b3f6-4ec0-bc82-07307a7c4a07",
    "data": [
      {
        "text": "other results",
        "userDefined": false
      }
    ],
    "isTemplate": false,
    "count": 0,
    "updated": 1518605473
  },
  {
    "id": "043defc0-436c-4b09-b588-06c331c59f26",
    "data": [
      {
        "text": "what else",
        "userDefined": false
      }
    ],
    "isTemplate": false,
    "count": 0,
    "updated": 1518605473
  }
]